url,url_length,https,total_links,safe_links,non_safe_links,length,status,tld,sentiment,label
http://zpravy.adult.cz/,23,0,28,0,28,2518,1,cz,0.0,0
http://www.boundshop.de/,24,0,0,0,0,9,1,de,0.0,0
http://dracula-land.sexomultiple.com/cg-amateur/warn/index.html,63,0,0,0,0,101,0,com,0.0,0
http://www.angelfire.com/darkside/ms_sassy/,43,0,2,2,0,591,1,com,0.25,0
http://www.sexystat.com,23,0,6,0,6,686,1,com,0.25,0
http://www.bizarre-sex.ws/,26,0,1,1,0,168,1,ws,0.0,0
http://www.detailstoys.com/,27,0,0,0,0,38,0,com,0.0,0
http://www.desirenet.co.uk/,27,0,8,8,0,6187,1,co.uk,0.20338434505569336,0
http://www.dunedin-direct.co.nz/ddc/listingspersonal.htm,56,0,1,0,1,281,0,co.nz,0.4,0
http://misspelisse.canalblog.com/,33,0,106,15,91,7604,1,com,0.4625,0
http://www.anotheradultboard.com/,33,0,6,1,5,843,1,com,0.35375,0
http://www.jewelmovies.com,26,0,6,6,0,356,1,com,0.6375000000000001,0
http://getfreexxx.com/,22,0,0,0,0,1,1,com,0.0,0
http://groups.yahoo.com/group/rpslash/,38,0,105,104,1,11732,1,com,0.17055624930624935,0
http://www.kokainfabrik.de,26,0,0,0,0,0,1,de,0.0,0
http://lessons-learned-otk.domestic-spanking.com/,49,0,0,0,0,7,1,com,0.0,0
http://www.swingerclub-feelings.de/,35,0,0,0,0,2078,1,de,-0.19047619047619047,0
http://www.sweet18teen.com/insertthis/ca/,41,0,1,0,1,168,1,com,0.0,0
http://www.rooie-oortjes.nl/,28,0,11,11,0,1477,1,nl,0.1308712121212121,0
http://sexy_bike.tripod.com/,28,0,8,0,8,578,0,com,0.8125,0
http://www.sesso-gratis.info,28,0,0,0,0,54,1,info,0.0,0
http://www.castlewaterloo.com/,30,0,2,1,1,157,1,com,0.0,0
http://www.paulcleather.com/,28,0,0,0,0,162,0,com,0.5,0
http://www.chicksites.com/pics/malay/3/,39,0,208,202,6,8229,1,com,0.0484014675052411,0
http://www.planet-pussy.com/,28,0,3,0,3,212,1,com,0.17662337662337665,0
http://www.mellyloon.com/,25,0,3,0,3,409,1,com,0.75,0
http://www.citybutterflies.com/,31,0,84,84,0,6704,1,com,0.371905679066696,0
http://www.katja-minx.com/,26,0,8,2,6,2835,1,com,0.218577936224995,0
http://www.anzwers.net/hot/sexyncontri/,39,0,0,0,0,42,1,net,0.0,0
http://www.xtrasex.com/a/outside/index.htm,42,0,7,0,7,1578,1,com,0.13702380952380952,0
http://www.filmz.nl,19,0,1,1,0,825,0,nl,-0.13714285714285715,0
http://www.ilovecum.com/,24,0,1,1,0,145,1,com,0.175,0
http://www.sexo-gratis.anal-hardcore-sex-pics.com/,50,0,2,0,2,225,1,com,0.4666666666666666,0
http://www.analdreamhouse.com/39/01/agecheck/index.html,55,0,107,87,20,11016,1,com,0.13246977160770268,0
http://www.xxx-ratedsex.com/index.html,38,0,1,0,1,727,1,com,0.05769230769230767,0
http://www.itsmagic-trier.de/,29,0,2,0,2,1583,1,de,0.0,0
http://www.sexpo.com.au/,24,0,139,133,6,6080,1,com.au,0.2064318340972753,0
http://www.a24-7pornsite.com/fisting_frenzy/,44,0,20,0,20,1904,1,com,0.16068840579710142,0
http://www.russianangels.com/,29,0,0,0,0,42,0,com,0.0,0
http://www.explicitzone.com,27,0,1,1,0,145,1,com,0.175,0
http://www.curiosavideo.com/,28,0,77,77,0,11335,1,com,0.09925022281639932,0
http://www.beepworld.de/members23/edu666/,41,0,3,3,0,239,0,de,0.0,0
http://www.slutlounge.com/,26,0,0,0,0,283,1,com,0.3333333333333333,0
http://www.model-f.com/,23,0,0,0,0,10,1,com,0.0,0
http://dvdsource.deluxepass.com/,32,0,65,65,0,2740,1,com,0.2518025330525331,0
http://www.floyd-agency.com,27,0,0,0,0,0,1,com,0.0,0
http://groups.yahoo.com/group/coco_channel/,43,0,105,104,1,11735,1,com,0.1690777998564884,0
http://www.pcrawler.com/,24,0,0,0,0,42,0,com,0.0,0
http://www.tienersexfilms.nl,28,0,0,0,0,1100,1,nl,0.48125,0
http://www.cherryboys.com/armybrat/,35,0,55,55,0,5781,1,com,0.24871111111111113,0
http://www.forthegirls.com/s04/s01/warning.html,47,0,15,0,15,1154,1,com,0.12745098039215685,0
http://www.haremshop.com/,25,0,1,1,0,145,1,com,0.175,0
http://www.girl-nude.com/blondes/arenalin_power_blondes/index.shtml,67,0,0,0,0,10,1,com,0.0,0
http://www.xxxsex.anal-hardcore-sex-pics.com/,45,0,1,0,1,587,1,com,0.335,0
http://www.czechpornstars.net/simona_sun/,41,0,1,0,1,135,0,net,0.0,0
http://www.susi33.de/,21,0,1,1,0,144,1,de,0.0,0
http://pattayacity.com/pattaya/classicboys.html,47,0,0,0,0,185,1,com,0.0,0
http://www.art-photo-salmon.com/,32,0,1,0,1,271,1,com,0.0,0
http://www.geocities.com/~ridem74/,34,0,105,104,1,11731,1,com,0.16871350113153397,0
http://www.whoneedsviagra.org/heather_graham/gallery1.htm,57,0,5,5,0,1211,0,org,-5.551115123125783e-18,0
http://www.y-paris.com/,23,0,0,0,0,0,1,com,0.0,0
http://www.msgenevieve.com/,27,0,199,0,199,3641,1,com,0.18286205073995773,0
http://www.sexy-dreams.com/avs14/0004/14/cyberage/,50,0,0,0,0,509,1,com,0.1111111111111111,0
http://www.amateursex-free.com/nurse/index.html,47,0,50,0,50,2470,0,com,0.24339488636363635,0
http://internetdump.com/users/penemuel/,39,0,10,0,10,1123,1,com,0.16702380952380955,0
http://www.aurum-escort.com/,28,0,4,4,0,8586,1,com,0.21190476190476196,0
http://www.e-delight.biz/,25,0,1,1,0,166,1,biz,0.0,0
http://www.mpegsmpegs.com/,26,0,1,0,1,3208,1,com,0.5,0
http://journal.schmuddelpage.de/,32,0,0,0,0,81,1,de,0.0,0
http://www.lickorish.com/,25,0,0,0,0,541,1,com,0.375,0
http://www.centralflpartyhouse.com/,35,0,1,1,0,187,1,com,0.0,0
http://hotflashing.com/nude_in_public/,38,0,192,192,0,8412,1,com,0.2083465382996634,0
http://www.ukbustybabes.com/,28,0,0,0,0,3,0,com,0.0,0
http://www.submissivesexslaves.com/free/whippedass/warn.htm,59,0,0,0,0,79,0,com,0.0,0
http://www.squirtingwomen.de/,29,0,0,0,0,42,0,de,0.0,0
http://www.mistress-emmanuelle.com/,35,0,0,0,0,75,0,com,0.0,0
http://www.coco-palm.jp/,24,0,1,0,1,176,1,jp,0.0,0
http://poods.pitas.com/,23,0,128,128,0,9290,1,com,0.10864417989417989,0
http://hotxxx.adultnetservers.com/cock/02/index.htm,51,0,0,0,0,64,1,com,0.0,0
http://www.japanese-school-girls.asian-pornography-pics.com/,60,0,1,0,1,411,1,com,0.225,0
http://www.bdsmvancouver.com/,29,0,0,0,0,57,1,com,0.38409090909090904,0
http://www.brennda.com/index.htm,32,0,1637,0,1637,79977,1,com,0.15381509760451073,0
http://members.tripod.com/~laurenclark/,39,0,16,2,14,853,1,com,0.027333333333333355,0
http://www.1sweetass.com/tightass/,34,0,0,0,0,2400,1,com,0.0,0
http://www.stpauli.net/,23,0,0,0,0,270,0,net,0.0,0
http://www.hentai-sex-and-toons.com,35,0,7,7,0,3273,1,com,0.08479674796747966,0
http://www.angelfire.com/tv2/somethingblue/home.html,52,0,0,0,0,9,1,com,0.0,0
http://openadultdirectory.com/escorts/,38,0,195,171,24,7504,1,com,0.26960059877816894,0
http://www.herby.ru/,20,0,27,1,26,13390,1,ru,0.554375,0
http://www.clit.nude-brunettes.com/,35,0,1,0,1,162,1,com,0.0,0
http://www.custom-jp.net/software/,34,0,0,0,0,79,0,net,0.0,0
http://www.lesbian-porn.net/free-lesbian-porn/lesbian-free-porn/,64,0,0,0,0,10,1,net,0.0,0
http://www.cherryboys.com/allgayhunks/,38,0,55,55,0,5781,1,com,0.24871111111111113,0
http://www.gay-vintage.com/pre/posing/index.html,48,0,1,1,0,145,1,com,0.175,0
http://www.rimba.co.uk/,23,0,0,0,0,148,0,co.uk,0.0,0
http://www.dvdhard.com,22,0,53,53,0,5454,1,com,0.24859903381642512,0
http://caning.wz.cz/,20,0,16,16,0,855,0,cz,0.0,0
http://www.geocities.com/bourbonstreet/bayou/3912/,50,0,103,102,1,11895,1,com,0.16792105547453146,0
http://www.kevscave.com/muscledthreesome/index.html,51,0,0,0,0,0,1,com,0.0,0
http://www.editions-rlo.com/,28,0,347,346,1,11648,1,com,0.45722527472527474,0
http://www.geocities.com/hollywood/mansion/2047/index.html,58,0,103,102,1,11902,1,com,0.16989912566525472,0
http://www.misoji.net/,22,0,6,0,6,749,1,net,0.0,0
http://www.kevscave.com/eastboys06/,35,0,0,0,0,0,1,com,0.0,0
http://www.hatuncenneti.com/,28,0,1,0,1,1423,0,com,0.2590909090909091,0
http://www.filthyteens.com/gold/indian_fetishes/,48,0,0,0,0,99,0,com,0.0,0
http://www.xtrasex.com/o/ramb/index.htm,39,0,7,0,7,1645,1,com,-0.08518518518518518,0
http://www.hkbdsm.com/shop,26,0,0,0,0,188,0,com,0.0,0
http://zpravy.adult.cz/,23,0,28,0,28,2518,1,cz,0.0,0
http://www.boundshop.de/,24,0,0,0,0,9,1,de,0.0,0
http://www.geohost.net/adm/punishment_palace/,45,0,4,0,4,1178,1,net,0.11212121212121212,0
http://www.sexylegs.ch/,23,0,2,2,0,997,1,ch,0.3955555555555555,0
http://www.bondage-links.com/,29,0,0,0,0,0,1,com,0.0,0
http://www.pornbutler.com/xxx_sex/black_lightskin/index.htm,59,0,53,53,0,5462,1,com,0.23724747474747482,0
http://www.bostonpump.com,25,0,0,0,0,162,0,com,0.5,0
http://www.privat4u.de,22,0,43,43,0,3407,1,de,0.16666666666666666,0
http://www.themistresses.com,28,0,4,4,0,3927,1,com,0.14743030303030305,0
http://www.fetish-bizarre.biz/strapon-extreme/,46,0,420,287,133,164418,1,biz,0.3617893217893218,0
http://www.escort-romania.ro/,29,0,66,66,0,5041,1,ro,0.1978625541125541,0
http://www.jbvideo.com,22,0,10,4,6,41150,1,com,0.0421723300970874,0
http://www.livetreff.tv/,24,0,57,0,57,4981,1,tv,0.0,0
http://www.rossoscarlatto.net/,30,0,21,20,1,5264,1,net,0.0,0
http://www.tgpfriendly2.com/members/kira/,41,0,0,0,0,52,1,com,0.0,0
http://www.gayboysex.net/euro_hustler/index.html,48,0,23,22,1,24958,0,net,0.13986860463882525,0
http://www.cherryboys.net/justinyoung_milk/,43,0,0,0,0,76,0,net,0.0,0
http://www.sandra-deluxe.de/,28,0,1,0,1,169,1,de,0.0,0
http://www.geocities.com/courier1998/,37,0,105,104,1,11637,1,com,0.16688957138957142,0
http://www.ehimegay.com/,24,0,2,0,2,426,1,com,0.4166666666666667,0
http://www.ladycilia.de/,24,0,119,117,2,29622,1,de,0.0675,0
http://www.teenagedreamz.com/avs/fip/,37,0,0,0,0,89,0,com,0.0,0
http://www.geocities.com/nataliepaav/index1.html,48,0,105,104,1,11664,1,com,0.16976259851259853,0
http://www.geocities.com/nthropologie/,38,0,103,102,1,11903,1,com,0.16989912566525472,0
http://supersexymodel.com/,26,0,0,0,0,0,1,com,0.0,0
http://fetish-sm.over-blog.com/,31,0,189,0,189,13883,1,com,-0.10506510416666663,0
http://www.bunsandboobs.com/now/index.html,42,0,0,0,0,46,0,com,0.0,0
http://www.adultcontactsdirect.com/,35,0,107,107,0,15892,1,com,0.19255104617604632,0
http://www.xponsor.com/,23,0,0,0,0,1183,1,com,0.2122159090909091,0
http://www.she-malex.com/pc/,28,0,2,2,0,219,1,com,0.0,0
http://smaq.com/,16,0,1,1,0,438,0,com,-0.03333333333333333,0
http://www.sexy-dreams.com/avs10/02/agecheck/index.html,55,0,0,0,0,509,1,com,0.1111111111111111,0
http://www.vultureslair.com/,28,0,105,104,1,11697,1,com,0.1718294892085215,0
http://www.ladyclaudia.de/,26,0,1,0,1,166,1,de,0.0,0
http://mandate.com.au,21,0,21,20,1,2041,1,com.au,0.3620323129251701,0
http://www.angelfire.com/mb/wsjournal/index.html,48,0,3,2,1,323,1,com,-0.03125,0
http://www.larasharem.com/euroteen/nastyspanishteen/,52,0,0,0,0,39,1,com,0.0,0
http://www.anythingforlove.org/,31,0,1,1,0,145,1,org,0.175,0
http://www.coachron.com/,24,0,0,0,0,103,1,com,0.5,0
http://www.erotischemalerei.com/,32,0,1,0,1,236,1,com,0.25,0
http://www.adultdvdmarketplace.com/,35,0,1,0,1,2633,1,com,0.1355381053055472,0
http://www.dailysexpix.com/x/f2/f/ca1.htm,41,0,1,1,0,237,1,com,0.0,0
http://www.angelfire.com/nc3/lfc/,33,0,9,2,7,1977,1,com,0.16811760461760458,0
http://www.pokergirls.com/,26,0,39,38,1,2160,1,com,0.08250466853408031,0
http://www.blackgirls.exoticblacks.com/index.html,49,0,1,0,1,392,1,com,0.17083333333333334,0
http://gloria-brame.com/glory/erotalk.htm,41,0,0,0,0,55888,1,com,0.14016032303035908,0
http://www.enkaikizoku.com/,27,0,56,56,0,5481,1,com,0.0,0
http://zwaik.tripod.com/,24,0,3,0,3,2053,1,com,-0.07675438596491228,0
http://www.sheridantaylor.com/,30,0,0,0,0,362,1,com,0.2,0
http://husbandserveswife.blogspot.com/,38,0,55,23,32,20119,1,blogspot.com,0.10394529523142235,0
http://www.latigredipadova.com,30,0,32,32,0,9014,1,com,0.24375000000000002,0
http://www.sirrodney.com/,25,0,0,0,0,352,1,com,0.2,0
http://www.villa-ascona.de/,27,0,0,0,0,42,0,de,0.0,0
http://www.videoerotica.net/biggirls/,37,0,0,0,0,141,0,net,0.46388888888888896,0
http://www.pornstar-gallery.net/jameson/,40,0,0,0,0,188,0,net,0.0,0
http://www.smack.co.uk/,23,0,1,1,0,605,0,co.uk,-0.125,0
http://www.boutiquegay.com/,27,0,55,55,0,5697,1,com,0.24432432432432435,0
http://www.cherryboys.net/gangboy/,34,0,0,0,0,76,0,net,0.0,0
http://www.angelfire.com/ny/cicproductions/libg.html,52,0,10,3,7,1921,1,com,0.13026315789473686,0
http://www.geocities.com/bangbongz/,35,0,103,102,1,11909,1,com,0.16809930859396105,0
http://tnasupermarket.com/nv/sexytransexuals/,45,0,0,0,0,1458,1,com,0.0,0
http://www.eros-houston.com/,28,0,1,1,0,406,0,com,0.4,0
http://www.xtrasex.com/pornstar/three/a.htm,43,0,7,0,7,1728,1,com,0.04597107438016528,0
http://thebunker.my100megs.com/femceleb.html,44,0,0,0,0,91,0,com,0.0,0
http://shop.strato.com/epages/62027650.sf,41,0,0,0,0,242,0,com,0.0,0
http://www.geocities.com/heathergraham3/,40,0,103,102,1,11904,1,com,0.16989912566525472,0
http://www.fr69.com,19,0,0,0,0,42,0,com,0.0,0
http://www.jessica.sexykat.co.uk/,33,0,0,0,0,10,1,co.uk,0.0,0
http://www.bsi-fuer-buerger.de/,31,0,7,7,0,9470,1,de,0.13365800865800867,0
http://photosx.netpass.tv,25,0,19,0,19,2115,1,tv,-0.2916666666666667,0
http://www.fetish-picture.com/karenmovie/,41,0,18,0,18,1008,1,com,-0.003056426332288378,0
http://nymphe-decouverte.over-blog.com/,39,0,54,25,29,5177,1,com,0.35724101479915443,0
http://www.jovencitas69.com,27,0,1,0,1,169,1,com,0.0,0
http://members.tripod.com/almaith/,34,0,2,0,2,340,1,com,0.5833333333333334,0
http://www.loversparadise.de/,29,0,1,1,0,180,1,de,0.0,0
http://www.totallychristy.com/,30,0,53,53,0,5458,1,com,0.22335784313725496,0
http://www.sweetlips.nl,23,0,28,28,0,6810,1,nl,0.24,0
http://www.virgula.com.br/virgulagirl/,38,0,40,40,0,721,0,com.br,0.0,0
http://www.galge.com/,21,0,15,14,1,10732,1,com,-0.033333333333333354,0
http://www.kingscourt.com.au/,29,0,0,0,0,90,0,com.au,0.0,0
http://www.cool-free-porn.com/mature8/index.html,48,0,69,0,69,6389,1,com,0.13420934411500451,0
http://www.realgoodporn.com/sites/babes4you/index.html,54,0,1,1,0,145,1,com,0.175,0
http://www.celebritymassage.com/,32,0,1,0,1,90,1,com,0.0,0
http://shoppingmall.de/xtshop/,30,0,1,1,0,231,1,de,0.03125,0
http://www.sexystring.net,25,0,1,0,1,1141,1,net,0.08333333333333333,0
http://www.nicisterling.com/,28,0,0,0,0,52,1,com,0.0,0
http://idolcollection.h.fc2.com/,32,0,4,0,4,2070,0,com,0.0,0
http://www.femdomunlimited.com/,31,0,2,2,0,231,1,com,0.0,0
http://www.babes247.com/ac/blonde.html,38,0,0,0,0,350,1,com,0.2,0
http://www.central-chambers.co.uk/,34,0,9,8,1,1987,1,co.uk,0.23657407407407408,0
http://www.male-erotica.com/men7/,33,0,0,0,0,309,0,com,0.041666666666666664,0
http://www.lustqual.de/,23,0,1,0,1,159,1,de,0.0,0
http://www.piratemedia.ca/ca/darker_anime/index.html,52,0,0,0,0,1255,0,ca,0.0,0
http://www.aq-palace.com/,25,0,2,0,2,1280,1,com,0.0,0
http://www.anzwers.net/hot/sexydreams/,38,0,0,0,0,42,1,net,0.0,0
http://www.transensexkontakte.com/,34,0,0,0,0,848,1,com,0.0,0
http://www.felixdeon.com/,25,0,0,0,0,7,1,com,0.0,0
http://www.spicegirlslondonescorts.com/,39,0,0,0,0,153,0,com,0.0,0
http://www.thexxxarchive.com/a/bigdick/index.htm,48,0,6,0,6,1695,1,com,0.03901515151515152,0
http://www.wsexe.com/,21,0,2,1,1,3327,1,com,0.22692307692307695,0
http://dracula-land.sexomultiple.com/cg-amateur/warn/index.html,63,0,0,0,0,101,0,com,0.0,0
http://www.angelfire.com/darkside/ms_sassy/,43,0,2,2,0,591,1,com,0.25,0
http://www.sexystat.com,23,0,6,0,6,686,1,com,0.25,0
http://www.bizarre-sex.ws/,26,0,1,1,0,168,1,ws,0.0,0
http://www.detailstoys.com/,27,0,0,0,0,38,0,com,0.0,0
http://www.desirenet.co.uk/,27,0,8,8,0,6187,1,co.uk,0.20338434505569336,0
http://www.dunedin-direct.co.nz/ddc/listingspersonal.htm,56,0,1,0,1,281,0,co.nz,0.4,0
http://misspelisse.canalblog.com/,33,0,106,15,91,7604,1,com,0.4625,0
http://www.anotheradultboard.com/,33,0,6,1,5,843,1,com,0.35375,0
http://www.jewelmovies.com,26,0,6,6,0,356,1,com,0.6375000000000001,0
http://getfreexxx.com/,22,0,0,0,0,1,1,com,0.0,0
http://groups.yahoo.com/group/rpslash/,38,0,105,104,1,11650,1,com,0.17071714411878347,0
http://www.kokainfabrik.de,26,0,0,0,0,0,1,de,0.0,0
http://lessons-learned-otk.domestic-spanking.com/,49,0,0,0,0,7,1,com,0.0,0
http://www.swingerclub-feelings.de/,35,0,0,0,0,2078,1,de,-0.19047619047619047,0
http://www.sweet18teen.com/insertthis/ca/,41,0,1,0,1,168,1,com,0.0,0
http://www.rooie-oortjes.nl/,28,0,11,11,0,1477,1,nl,0.1308712121212121,0
http://sexy_bike.tripod.com/,28,0,8,0,8,578,0,com,0.8125,0
http://www.sesso-gratis.info,28,0,0,0,0,54,1,info,0.0,0
http://www.castlewaterloo.com/,30,0,2,1,1,157,1,com,0.0,0
http://www.paulcleather.com/,28,0,0,0,0,162,0,com,0.5,0
http://www.chicksites.com/pics/malay/3/,39,0,80,1,79,1220,1,com,-0.2775,0
http://www.planet-pussy.com/,28,0,3,0,3,216,1,com,0.17662337662337665,0
http://www.mellyloon.com/,25,0,3,0,3,409,1,com,0.75,0
http://www.citybutterflies.com/,31,0,84,84,0,6704,1,com,0.371905679066696,0
http://www.katja-minx.com/,26,0,8,2,6,2835,1,com,0.218577936224995,0
http://www.anzwers.net/hot/sexyncontri/,39,0,0,0,0,42,1,net,0.0,0
http://www.xtrasex.com/a/outside/index.htm,42,0,7,0,7,1578,1,com,0.13702380952380952,0
http://www.filmz.nl,19,0,1,1,0,825,0,nl,-0.13714285714285715,0
http://www.ilovecum.com/,24,0,1,1,0,145,1,com,0.175,0
http://www.sexo-gratis.anal-hardcore-sex-pics.com/,50,0,2,0,2,225,1,com,0.4666666666666666,0
http://www.analdreamhouse.com/39/01/agecheck/index.html,55,0,107,87,20,11079,1,com,0.11383680965499149,0
http://www.xxx-ratedsex.com/index.html,38,0,1,0,1,727,1,com,0.05769230769230767,0
http://www.itsmagic-trier.de/,29,0,2,0,2,1583,1,de,0.0,0
http://www.sexpo.com.au/,24,0,139,133,6,6080,1,com.au,0.2064318340972753,0
http://www.a24-7pornsite.com/fisting_frenzy/,44,0,20,0,20,1904,1,com,0.16068840579710142,0
http://www.russianangels.com/,29,0,0,0,0,42,0,com,0.0,0
http://www.explicitzone.com,27,0,1,1,0,145,1,com,0.175,0
http://www.curiosavideo.com/,28,0,77,77,0,11211,1,com,0.10259724106739036,0
http://www.beepworld.de/members23/edu666/,41,0,3,3,0,239,0,de,0.0,0
http://www.slutlounge.com/,26,0,0,0,0,283,1,com,0.3333333333333333,0
http://www.model-f.com/,23,0,0,0,0,10,1,com,0.0,0
http://dvdsource.deluxepass.com/,32,0,65,65,0,2740,1,com,0.2518025330525331,0
http://www.floyd-agency.com,27,0,0,0,0,0,1,com,0.0,0
http://groups.yahoo.com/group/coco_channel/,43,0,105,104,1,11697,1,com,0.17290475802572577,0
http://www.pcrawler.com/,24,0,0,0,0,42,0,com,0.0,0
http://www.tienersexfilms.nl,28,0,0,0,0,1100,1,nl,0.48125,0
http://www.cherryboys.com/armybrat/,35,0,55,55,0,5781,1,com,0.24871111111111113,0
http://www.forthegirls.com/s04/s01/warning.html,47,0,15,0,15,1154,1,com,0.12745098039215685,0
http://www.haremshop.com/,25,0,1,1,0,145,1,com,0.175,0
http://www.girl-nude.com/blondes/arenalin_power_blondes/index.shtml,67,0,0,0,0,10,1,com,0.0,0
http://www.xxxsex.anal-hardcore-sex-pics.com/,45,0,1,0,1,587,1,com,0.335,0
http://www.czechpornstars.net/simona_sun/,41,0,1,0,1,135,0,net,0.0,0
http://www.susi33.de/,21,0,1,1,0,144,1,de,0.0,0
http://pattayacity.com/pattaya/classicboys.html,47,0,0,0,0,185,1,com,0.0,0
http://www.art-photo-salmon.com/,32,0,1,0,1,271,1,com,0.0,0
http://www.geocities.com/~ridem74/,34,0,105,104,1,11696,1,com,0.17290475802572577,0
http://www.whoneedsviagra.org/heather_graham/gallery1.htm,57,0,5,5,0,1211,0,org,-5.551115123125783e-18,0
http://www.y-paris.com/,23,0,0,0,0,0,1,com,0.0,0
http://www.msgenevieve.com/,27,0,199,0,199,3641,1,com,0.18286205073995773,0
http://www.sexy-dreams.com/avs14/0004/14/cyberage/,50,0,0,0,0,509,1,com,0.1111111111111111,0
http://www.amateursex-free.com/nurse/index.html,47,0,50,0,50,2472,0,com,0.20633608815426996,0
http://internetdump.com/users/penemuel/,39,0,10,0,10,1123,1,com,0.16702380952380955,0
http://www.aurum-escort.com/,28,0,4,4,0,8586,1,com,0.21190476190476196,0
http://www.e-delight.biz/,25,0,1,1,0,166,1,biz,0.0,0
http://www.mpegsmpegs.com/,26,0,1,0,1,3208,1,com,0.5,0
http://journal.schmuddelpage.de/,32,0,0,0,0,81,1,de,0.0,0
http://www.lickorish.com/,25,0,0,0,0,541,1,com,0.375,0
http://www.centralflpartyhouse.com/,35,0,1,1,0,187,1,com,0.0,0
http://hotflashing.com/nude_in_public/,38,0,192,192,0,8412,1,com,0.2083465382996634,0
http://www.ukbustybabes.com/,28,0,0,0,0,3,0,com,0.0,0
http://www.submissivesexslaves.com/free/whippedass/warn.htm,59,0,0,0,0,79,0,com,0.0,0
http://www.squirtingwomen.de/,29,0,0,0,0,42,0,de,0.0,0
http://www.mistress-emmanuelle.com/,35,0,0,0,0,75,0,com,0.0,0
http://www.coco-palm.jp/,24,0,1,0,1,176,1,jp,0.0,0
http://poods.pitas.com/,23,0,128,128,0,9290,1,com,0.10864417989417989,0
http://hotxxx.adultnetservers.com/cock/02/index.htm,51,0,0,0,0,64,1,com,0.0,0
http://www.japanese-school-girls.asian-pornography-pics.com/,60,0,1,0,1,411,1,com,0.225,0
http://www.bdsmvancouver.com/,29,0,0,0,0,57,1,com,0.38409090909090904,0
http://www.brennda.com/index.htm,32,0,1637,0,1637,79977,1,com,0.15381509760451073,0
http://members.tripod.com/~laurenclark/,39,0,16,2,14,853,1,com,0.027333333333333355,0
http://www.1sweetass.com/tightass/,34,0,0,0,0,2400,1,com,0.0,0
http://www.stpauli.net/,23,0,0,0,0,270,0,net,0.0,0
http://www.hentai-sex-and-toons.com,35,0,7,7,0,3273,1,com,0.08479674796747966,0
http://www.angelfire.com/tv2/somethingblue/home.html,52,0,0,0,0,9,1,com,0.0,0
http://openadultdirectory.com/escorts/,38,0,195,171,24,7504,1,com,0.26960059877816894,0
http://www.herby.ru/,20,0,27,1,26,13390,1,ru,0.554375,0
http://www.clit.nude-brunettes.com/,35,0,1,0,1,162,1,com,0.0,0
http://www.custom-jp.net/software/,34,0,0,0,0,79,0,net,0.0,0
http://www.lesbian-porn.net/free-lesbian-porn/lesbian-free-porn/,64,0,0,0,0,10,1,net,0.0,0
http://www.cherryboys.com/allgayhunks/,38,0,55,55,0,5781,1,com,0.24871111111111113,0
http://www.gay-vintage.com/pre/posing/index.html,48,0,1,1,0,145,1,com,0.175,0
http://www.rimba.co.uk/,23,0,0,0,0,148,0,co.uk,0.0,0
http://www.dvdhard.com,22,0,53,53,0,5454,1,com,0.24859903381642512,0
http://caning.wz.cz/,20,0,16,16,0,855,0,cz,0.0,0
http://www.geocities.com/bourbonstreet/bayou/3912/,50,0,103,102,1,11894,1,com,0.168990574191109,0
http://www.kevscave.com/muscledthreesome/index.html,51,0,0,0,0,0,1,com,0.0,0
http://www.editions-rlo.com/,28,0,347,346,1,11648,1,com,0.45722527472527474,0
http://www.geocities.com/hollywood/mansion/2047/index.html,58,0,105,104,1,11654,1,com,0.16978933355292053,0
http://www.misoji.net/,22,0,6,0,6,749,1,net,0.0,0
http://www.kevscave.com/eastboys06/,35,0,0,0,0,0,1,com,0.0,0
http://www.hatuncenneti.com/,28,0,1,0,1,1423,0,com,0.2590909090909091,0
http://www.filthyteens.com/gold/indian_fetishes/,48,0,0,0,0,99,0,com,0.0,0
http://www.xtrasex.com/o/ramb/index.htm,39,0,7,0,7,1645,1,com,-0.08518518518518518,0
http://www.hkbdsm.com/shop,26,0,0,0,0,188,0,com,0.0,0
http://zpravy.adult.cz/,23,0,28,0,28,2518,1,cz,0.0,0
http://www.boundshop.de/,24,0,0,0,0,9,1,de,0.0,0
http://www.geohost.net/adm/punishment_palace/,45,0,4,0,4,1178,1,net,0.11212121212121212,0
http://www.sexylegs.ch/,23,0,2,2,0,997,1,ch,0.3955555555555555,0
http://www.bondage-links.com/,29,0,0,0,0,0,1,com,0.0,0
http://www.pornbutler.com/xxx_sex/black_lightskin/index.htm,59,0,53,53,0,5462,1,com,0.23724747474747482,0
http://www.bostonpump.com,25,0,0,0,0,162,0,com,0.5,0
http://www.privat4u.de,22,0,43,43,0,3407,1,de,0.16666666666666666,0
http://www.themistresses.com,28,0,4,4,0,3927,1,com,0.14743030303030305,0
http://www.fetish-bizarre.biz/strapon-extreme/,46,0,420,287,133,164192,1,biz,0.3617893217893218,0
http://www.escort-romania.ro/,29,0,66,66,0,5041,1,ro,0.1978625541125541,0
http://www.jbvideo.com,22,0,10,4,6,41150,1,com,0.0421723300970874,0
http://www.livetreff.tv/,24,0,57,0,57,4981,1,tv,0.0,0
http://www.rossoscarlatto.net/,30,0,21,20,1,5260,1,net,-0.5,0
http://www.tgpfriendly2.com/members/kira/,41,0,0,0,0,52,1,com,0.0,0
http://www.gayboysex.net/euro_hustler/index.html,48,0,23,22,1,24958,0,net,0.13986860463882525,0
http://www.cherryboys.net/justinyoung_milk/,43,0,0,0,0,76,0,net,0.0,0
http://www.sandra-deluxe.de/,28,0,1,0,1,169,1,de,0.0,0
http://www.geocities.com/courier1998/,37,0,105,104,1,11645,1,com,0.1679706524706525,0
http://www.ehimegay.com/,24,0,2,0,2,426,1,com,0.4166666666666667,0
http://www.ladycilia.de/,24,0,119,117,2,29622,1,de,0.0675,0
http://www.teenagedreamz.com/avs/fip/,37,0,0,0,0,89,0,com,0.0,0
http://www.geocities.com/nataliepaav/index1.html,48,0,105,104,1,11654,1,com,0.16978933355292056,0
http://www.geocities.com/nthropologie/,38,0,105,104,1,11702,1,com,0.1747402792402792,0
http://supersexymodel.com/,26,0,0,0,0,0,1,com,0.0,0
http://fetish-sm.over-blog.com/,31,0,189,0,189,13883,1,com,-0.10506510416666663,0
http://www.bunsandboobs.com/now/index.html,42,0,0,0,0,46,0,com,0.0,0
http://www.adultcontactsdirect.com/,35,0,107,107,0,15933,1,com,0.1935811554935676,0
http://www.xponsor.com/,23,0,0,0,0,1183,1,com,0.2122159090909091,0
http://www.she-malex.com/pc/,28,0,2,2,0,219,1,com,0.0,0
http://smaq.com/,16,0,1,1,0,438,0,com,-0.03333333333333333,0
http://www.freefetishxxx.com/abnormal-smokers/,46,0,0,0,0,54,1,com,0.0,0
http://realgoodporn.com/sites/allamericangirls/,47,0,1,1,0,145,1,com,0.175,0
http://www.sensuous.com,23,0,0,0,0,80,1,com,0.0,0
http://www.meoteam.de,21,0,414,413,1,75093,1,de,0.23440801604553377,0
http://www.pileup.com/babyart/,30,0,0,0,0,0,1,com,0.0,0
http://www.cafedelink.com/,26,0,1,1,0,9768,1,com,0.2700117978227731,0
http://www.geocities.com/adoracion_dk/,38,0,105,104,1,11709,1,com,0.17019760245696078,0
http://www.sarasinn.com/,24,0,0,0,0,2907,1,com,0.0,0
http://www.theresa-hannover.de/,31,0,20,20,0,3335,1,de,0.3068181818181818,0
http://www.clubmadonna.com,26,0,1,1,0,145,1,com,0.175,0
http://www.allnaturalhairypussy.com/armpits/index.html,54,0,14,14,0,417,1,com,0.02878787878787879,0
http://www.adultohio.com/,25,0,5,4,1,8185,1,com,-0.12881944444444446,0
http://www.liar.co.jp/,22,0,18,13,5,3441,1,co.jp,0.0,0
http://www.gycovideo.com/,25,0,11,0,11,4696,1,com,0.14067403950216448,0
http://www.britneyskye.com/,27,0,0,0,0,356,1,com,0.2,0
http://www.lucylasticslair.com/rbm/,35,0,0,0,0,10,1,com,0.0,0
http://www.teenpornstars.net/gs/latina/a.htm,44,0,7,0,7,1598,1,net,-0.0069318181818181805,0
http://www.sexy-dreams.com/avs10/01/agecheck/index.html,55,0,0,0,0,509,1,com,0.1111111111111111,0
http://www.gratissexchat.nl,27,0,7,3,4,1497,1,nl,0.0668560606060606,0
http://www.viachat.nl,21,0,2,2,0,5184,1,nl,0.12136886102403345,0
http://drawn-sex.info/,22,0,0,0,0,82,1,info,0.0,0
http://www.marbas.com/fetish/incest/index.html,46,0,0,0,0,40,1,com,0.0,0
http://groups.yahoo.com/group/comicbook_giantesses2/,52,0,105,104,1,11634,1,com,0.16509625828174218,0
http://erogamescape.dyndns.org/~ap2/ero/toukei_kaiseki/,55,0,103,92,11,17706,1,dyndns.org,0.1465505587000425,0
http://www.guerillatraffic.com/,31,0,1,0,1,99,1,com,0.0,0
http://goreanchat.com,21,0,0,0,0,162,0,com,0.5,0
http://www.nashli.com/,22,0,68,68,0,9899,1,com,0.25,0
http://under-her-spell.blogspot.com/,36,0,51,47,4,51450,1,blogspot.com,0.22550927897239376,0
http://www.pinkpussycat.com/,28,0,250,249,1,21931,1,com,0.213260393452701,0
http://www.allasiantgp.com/avs/dirtylittleasian/,48,0,1,0,1,1251,0,com,-0.11388888888888887,0
http://www.animania.it/,23,0,4,4,0,2762,1,it,0.328125,0
http://photos.sexe.black.free.fr/,33,0,16,0,16,856,1,fr,0.14772727272727273,0
http://www.erika.slashcity.org/stories/main.html,48,0,0,0,0,226,1,org,0.5,0
http://www.softpal.co.jp/specious/,34,0,7,0,7,363,1,co.jp,0.0,0
http://www.footfetish.footsuckers.com/index.html,48,0,1,0,1,387,1,com,0.05500000000000001,0
http://www.sex-marks.com/cr/shemale/a.htm,41,0,9,0,9,1807,1,com,0.20242857142857149,0
http://www.xtrasex.com/nd/old/index.htm,39,0,8,0,8,1670,1,com,0.07611607142857144,0
http://www.djinnslair.com/,26,0,16,16,0,1013,1,com,-0.05984848484848485,0
http://www.theadult-zone.co.uk,30,0,0,0,0,0,0,co.uk,0.0,0
http://www.garbage-dump.com/,28,0,0,0,0,100,1,com,0.0,0
http://www.dickievirgin.com/,28,0,1,0,1,2248,1,com,0.023580586080586084,0
http://www.boysboys.com/toplist/,32,0,0,0,0,128,1,com,0.0,0
http://www.alyshaford.com/,26,0,15,0,15,2669,1,com,0.3180419272085938,0
http://www.zaboo.de/,20,0,0,0,0,261,0,de,-0.5999999999999999,0
http://kissgirltalk.tripod.com,30,0,5,4,1,513,0,com,0.8125,0
http://www.baroness.com/,24,0,111,110,1,4724,1,com,0.35890049029253585,0
http://www.nudelover.com/sites/panties/pantiesmania/se.htm,58,0,55,55,0,5823,1,com,0.2470394736842105,0
http://www.pornforwomen.info/index1.htm,39,0,23,0,23,4489,1,info,0.17942923280423276,0
http://www.erotikkontakte.com/braunschweig/braunschweig.htm,59,0,0,0,0,162,0,com,0.5,0
http://eroteka.pl,17,0,10,0,10,2092,1,pl,0.043181818181818175,0
http://groups.yahoo.com/group/psochatandsupport/,48,0,103,102,1,11885,1,com,0.16526227887339004,0
http://www.ellinude.com/,24,0,0,0,0,656,1,com,0.4059375,0
http://www.hostones.com/websites/pornstars/ivoire/tall/index.html,65,0,0,0,0,45,0,com,0.0,0
http://gloria-brame.com/diflove/contentsdiflove.html,52,0,0,0,0,3755,1,com,0.26499741200828153,0
http://www.dessous-preiswert.de/,32,0,0,0,0,0,0,de,0.0,0
http://www.uknymphos.com/,25,0,0,0,0,10,1,com,0.0,0
http://spbmodels.com,20,0,0,0,0,38,0,com,0.0,0
http://tnasupermarket.com/ug/cocksuckingcops/,45,0,0,0,0,1458,1,com,0.0,0
http://www.nifty.org/,21,0,1,1,0,82,1,org,0.875,0
http://www.shemalesexporn.com/sexy-shemale-escort/,50,0,0,0,0,76,0,com,0.0,0
http://www.pornextasy.com/e/isab/index.htm,42,0,4,0,4,1651,1,com,0.05108695652173912,0
http://www.angelfire.com/indie/virtualstoryzone/,48,0,9,2,7,1665,1,com,0.21375000000000002,0
http://www.peneinforma.com/,27,0,4,1,3,2319,1,com,0.1,0
http://www.hotel-noel.com/,26,0,0,0,0,13,1,com,0.0,0
http://www.cumshots-revue.com/woman-drinking-cum/warning.html,61,0,0,0,0,52,1,com,0.0,0
http://www.kinowo.com,21,0,54,54,0,5803,1,com,0.2470394736842105,0
http://www.adulthostpod.com/,28,0,0,0,0,42,0,com,0.0,0
http://twooutofthree.populli.net,32,0,0,0,0,836,1,net,0.06499999999999999,0
http://www.asstr.org/~slowhand/,31,0,6,0,6,241,1,org,0.006249999999999992,0
http://www.boobsplus.com/jenna_jameson/,39,0,0,0,0,10,1,com,0.0,0
http://www.xxx-sexstories.com/,30,0,6,0,6,1546,1,com,0.4874579124579124,0
http://www.allxxxstars.com/jr/,30,0,159,2,157,3954,0,com,-0.0021299956082564834,0
http://www.tgcomics.com/,24,0,7,4,3,3332,1,com,0.07256981148696268,0
http://www.dudelodge.com/,25,0,0,0,0,124,1,com,0.18434343434343434,0
http://www.2xtreme.net/pm/,26,0,1,0,1,272,0,net,0.4,0
http://www.digitalerotica.com/,30,0,1,1,0,145,1,com,0.175,0
http://free-porn-pages.net/shemales/,36,0,0,0,0,0,1,net,0.0,0
http://emmanuel.com.ua/,23,0,4,4,0,645,1,com.ua,0.0,0
http://www.sweetvanessa.com/,28,0,53,53,0,5589,1,com,0.23697183098591554,0
http://www.bdsm24.de/,21,0,1,1,0,207,1,de,0.0,0
http://web.tiscali.it/bmnews/,29,0,0,0,0,130,1,it,0.0,0
http://www.squirtcity.com/,26,0,0,0,0,354,1,com,0.2,0
http://www.sexkey.com/webmaster.cfm,35,0,1,1,0,232,1,com,0.0,0
http://www.ryuguzyo.net/,24,0,109,107,2,6044,1,net,0.5,0
http://www.costaescorts.com,27,0,0,0,0,162,0,com,0.5,0
http://www.prettytwinks.com/twinks-softcore/,44,0,0,0,0,10,1,com,0.0,0
http://www.searchbdsm.com/,26,0,1,1,0,145,1,com,0.175,0
http://blottostreet.comicgenesis.com/,37,0,25,0,25,2862,1,com,0.15513392857142858,0
http://www.naughtycelebrity.com/sites/keira-knightkey-naked/keira-knightley-naked.htm,85,0,53,53,0,5611,1,com,0.22992957746478876,0
http://www.boobmark.com/amateur/amateurredheads/,48,0,0,0,0,103,1,com,0.5,0
http://ex-millennialgirl.blogspot.com/,38,0,87,45,42,41523,1,blogspot.com,0.1060977349356256,0
http://www.bareladys.com/,25,0,0,0,0,0,0,com,0.0,0
http://www.technostud.com/,26,0,0,0,0,655,1,com,0.0,0
http://www.interracial-sex-xxx.net/interracial-xxx/interracial-xxx.htm,70,0,66,50,16,1427,0,net,0.23497474747474748,0
http://www.placersecreto.com/,29,0,55,55,0,5857,1,com,0.2470394736842105,0
http://www.escortsbogota.com/,29,0,0,0,0,10,1,com,0.0,0
http://www.sensuoussadie.com,28,0,0,0,0,103,1,com,0.5,0
http://www.pornzite.com/fisting_a_friend/,41,0,19,0,19,664,1,com,0.08125,0
http://www.footfetish-footfetish.com/la/npll/a.htm,50,0,9,0,9,1685,1,com,-0.032438016528925626,0
http://www.scriptschool.com/,28,0,0,0,0,10,1,com,0.0,0
http://www.xtrasex.com/x/granny/index.htm,41,0,8,0,8,1805,1,com,-0.042857142857142864,0
http://www.utopia-asia.com/tipssing.htm,39,0,214,209,5,37940,1,com,0.16674099280812713,0
http://www.kinkyolga.com/,25,0,0,0,0,319,1,com,0.5,0
http://members.tripod.com/~buffystake/index.htm,47,0,8,6,2,578,0,com,0.8125,0
http://www.orchid-club.com/,27,0,3,3,0,2182,1,com,0.14069264069264067,0
http://www.verastein.de/,24,0,2,2,0,772,0,de,0.25,0
http://www.kathysfetish.com/,28,0,0,0,0,75,0,com,0.0,0
http://groups.yahoo.com/group/wolframandhart/,45,0,103,102,1,11900,1,com,0.16845581483282024,0
http://www.pussypatrol.net/avs/xxx/hot/entrancedavs.html,56,0,0,0,0,43,0,net,0.0,0
http://www.erestraint.com/,26,0,4,4,0,762,1,com,0.08375,0
http://www.mustangs.co.nz/,26,0,0,0,0,42,0,co.nz,0.0,0
http://www.burning-pornstars.com/,33,0,141,141,0,7361,1,com,0.15102996254681647,0
http://www.chrisachilleos.co.uk/,32,0,0,0,0,706,1,co.uk,0.1590909090909091,0
http://www.infinitee-designs.com/,33,0,230,180,50,16360,1,com,0.1770022988241072,0
http://www.delicex.com,22,0,0,0,0,32,0,com,0.0,0
http://www.geocities.com/a_kite_fic/tos-fic.html,48,0,105,104,1,11656,1,com,0.16888353645147128,0
http://www.forbiddenerotics.com,31,0,55,55,0,5810,1,com,0.26918918918918916,0
http://www.satane.com/,22,0,0,0,0,346,1,com,0.2,0
http://puccer.uw.hu,19,0,0,0,0,479,1,hu,0.0,0
http://www.marcia-pleasurezone.com/,35,0,0,0,0,226,1,com,0.5,0
http://gwentv.free.fr/,22,0,0,0,0,876,1,fr,0.5,0
http://www.celebrites-stars.com/,32,0,2,2,0,217,1,com,0.0,0
http://www.domina-sadomaso.de/,30,0,30,8,22,6341,1,de,0.18472222222222223,0
http://www.bordellix.de/,24,0,6,5,1,1372,1,de,0.21818181818181817,0
http://www.rudefuck.com/forum/,30,0,0,0,0,128,1,com,0.0,0
http://www.hotpornforwomen.com/free/gorgeoushothunk/,52,0,101,101,0,3684,0,com,0.09767786561264809,0
http://www.gayboysex.net/bagboyatdixie/,39,0,23,22,1,24958,0,net,0.13986860463882525,0
http://www.dvdexnoleggio.it/,28,0,0,0,0,0,1,it,0.0,0
http://www.virtuagirl2.com/,27,0,26,26,0,5531,1,com,0.30752825877825885,0
http://www.fashionlove.es,25,0,36,36,0,22735,1,es,0.3174143795449218,0
http://www.brettwexler.photographer.org,39,0,5,2,3,535,0,org,0.3125,0
http://www.anal-sex-position.com/lesbian-hardcore/,50,0,21,0,21,2530,1,com,0.18522727272727274,0
http://www.generalxxx.com/lesbian-sex/,38,0,0,0,0,32,0,com,0.0,0
http://www.direct-uk.com,24,0,0,0,0,162,0,com,0.5,0
http://www.joueraveclefantasme.com/,35,0,3,3,0,3929,1,com,0.05520833333333333,0
http://www.sexshopwi.de/,24,0,0,0,0,71,0,de,0.0,0
http://www.vintageporno.net/asians/,35,0,78,78,0,3481,0,net,0.030642177589852004,0
http://www.geocities.com/a_lite_2000/home.html,46,0,105,104,1,11641,1,com,0.16688957138957142,0
http://www.gmsma.org/newslink/abrasion.html,43,0,1,1,0,154,1,org,0.0,0
http://www.sindbadbookmarks.com/,32,0,0,0,0,69,1,com,0.0,0
http://clubgirl.uol.com.br/,27,0,617,599,18,24676,1,com.br,0.05156250000000001,0
http://www.ariagiovannimovies.com/pornstars/francesca_zante/,60,0,7,7,0,352,1,com,0.4666666666666666,0
http://www.theporngirls.com/hardcorefest/,41,0,0,0,0,29,1,com,0.0,0
http://www.geocities.com/catzpalace/enter.html,46,0,105,104,1,11655,1,com,0.16924585529205097,0
http://www.madamlatex.co.uk/,28,0,43,2,41,1890,1,co.uk,0.2863636363636364,0
http://www.massagelisten.dk/,28,0,0,0,0,141,1,dk,0.0,0
http://www.ideal-babe.com/adelestephens/,40,0,15,0,15,597,1,com,0.2888888888888889,0
http://www.untanned.com/white-butts/index.html,46,0,1,1,0,145,1,com,0.175,0
http://4livegaysex.com/2/ugas/index.html,40,0,22,16,6,2398,1,com,0.16030799801291606,0
http://www.ina-ac.de/,21,0,1,0,1,155,1,de,0.0,0
http://www.club-belami.de/,26,0,4,0,4,476,1,de,0.0,0
http://www.privateholes.com/anal/anal-mature/adve.html,54,0,7,7,0,495,0,com,0.08,0
http://www.xfanz.com,20,0,31,27,4,5472,1,com,0.11308361391694724,0
http://www.anettehome.com/,26,0,57,54,3,8528,1,com,0.0218215811965812,0
http://virtualsexspy.com/avs/03/xis/_sex/index.html,51,0,0,0,0,472,1,com,0.2138888888888889,0
http://geocities.com/westhollywood/5053/,40,0,105,104,1,11713,1,com,0.1756899546709329,0
http://www.chicksdirect.com/dirty-girl/ca1/,43,0,1,1,0,145,1,com,0.175,0
http://www.cherryboys.net/1rstdigicam/index.html,48,0,0,0,0,76,0,net,0.0,0
http://www.mature-lady.com/over40/,34,0,4,4,0,890,0,com,0.0,0
http://www.sensualevenings.com,30,0,0,0,0,299,1,com,0.45,0
http://www.czechpornstars.net/ass/sandra_mark/,46,0,1,0,1,135,0,net,0.0,0
http://aqua-girl.com,20,0,0,0,0,236,1,com,0.2857142857142857,0
http://www.ammen.net/,21,0,50,50,0,2691,1,net,0.18740530303030303,0
http://www.girlsandnylons.com/,30,0,45,38,7,4821,1,com,0.14469696969696988,0
http://kunst-und-suende.de/,27,0,25,18,7,7188,1,de,0.3481770833333333,0
http://www.karupspc.com/,24,0,102,102,0,6568,1,com,0.043883482700196194,0
http://www.101amateurs.com/,27,0,0,0,0,42,0,com,0.0,0
http://www.animetric.com/def/fake.html,38,0,0,0,0,162,0,com,0.5,0
http://www.pornstar-gallery.net/07/,35,0,0,0,0,188,0,net,0.0,0
http://worldsporn.com/free/fisting/triple-fisting/pictures/,59,0,53,53,0,5484,1,com,0.2565441176470588,0
http://www.geocities.com/soho/coffeehouse/8590/,47,0,105,104,1,11647,1,com,0.16254295674132632,0
http://www.ctb.ne.jp/~yokohama/,31,0,0,0,0,88,0,ne.jp,0.0,0
http://www.uk3d.com/,20,0,0,0,0,162,0,com,0.5,0
http://goldengirls.net,22,0,67,65,2,3054,1,net,0.3162999829118251,0
http://dessens.over-blog.com/,29,0,10,10,0,343,0,com,0.0,0
http://www.tonyandcam.com/,26,0,113,1,112,6223,1,com,0.273861952861953,0
http://eroticpassion.free.fr/,29,0,12,0,12,2919,1,fr,0.05150462962962964,0
http://www.rapapuru.com/,24,0,0,0,0,10,1,com,0.0,0
http://www.rawamateurvideo.com/0109/matureclips/content/,56,0,0,0,0,57,1,com,0.0,0
http://mouthfucking.x-freeporn.com/,35,0,0,0,0,103,1,com,0.5,0
http://www.purplesoftware.jp/,29,0,1,0,1,83,1,jp,0.0,0
http://www.zacksxxx.com/amateurlesbians/index.html,50,0,0,0,0,135,0,com,0.0,0
http://www.citygroup.co.jp,26,0,0,0,0,34,1,co.jp,0.0,0
http://www.gaybritain.co.uk/flash5/player.asp,45,0,0,0,0,88,1,co.uk,0.4166666666666667,0
http://www.tits-fuck.net/ingrid_fist_fuck/,42,0,0,0,0,42,0,net,0.0,0
http://xxxsexfliks.com/motionblowjobs/fnp/,42,0,112,112,0,7238,1,com,0.11367148304234394,0
http://sexxx-porn.com/facials/cohf/brandi/default.html,54,0,0,0,0,38,0,com,0.0,0
http://www.uni-cash.com/eng/,28,0,0,0,0,10,1,com,0.0,0
http://www.gameboxxx.at/,24,0,7,7,0,34191,1,at,0.061559498301922526,0
http://www.sexycharmed.com,26,0,133,133,0,8046,1,com,0.3941176470588235,0
http://andfree.com/transexualmoviearchive/,42,0,0,0,0,42,0,com,0.0,0
http://www.planetbbw.com/,25,0,0,0,0,102,1,com,0.5,0
http://www.female-domination.info/domination/index.html,55,0,77,16,61,24907,1,info,0.24515153050259442,0
http://www.geocities.com/daire24/,33,0,103,102,1,11904,1,com,0.164909545187323,0
http://webmasters.asiamoviepass.com/,36,0,3,0,3,1477,1,com,0.46818181818181814,0
http://www.only-porn.com/avs/lesbians/eroticlesbiandreams/ageavs.html,69,0,0,0,0,363,1,com,0.0,0
http://www.tripleorgy.com/voyeur/indexxx.html,45,0,0,0,0,0,0,com,0.0,0
http://adult-sex-links.com/free-sex-pictures/,45,0,7,0,7,312,0,com,0.0,0
http://www.abcsexologia.com,27,0,1,0,1,272,0,com,0.4,0
http://www.clubrosas5.com/,26,0,7,7,0,336,1,com,0.4666666666666666,0
http://loveho.k2.xrea.com/,26,0,1,0,1,1378,1,com,0.0,0
http://www.massad.nl/,21,0,2,0,2,245,1,nl,0.0,0
http://www.worldsexarchives.info/1czechrepublic.html,52,0,320,287,33,313801,1,info,0.03395061728395061,0
http://www.vibrolandia.com,26,0,232,232,0,10260,1,com,0.21875,0
http://www.fetishwear-uk.co.uk,30,0,0,0,0,0,1,co.uk,0.0,0
http://j.webring.com/hub?ring=stoppedos,39,0,64,64,0,1238,1,com,0.5,0
http://www.thexxxarchive.com/pornstar/aria/index.htm,52,0,8,0,8,1651,1,com,0.09192708333333333,0
http://groups.yahoo.com/group/elrondsslaves/,44,0,105,104,1,11688,1,com,0.16378049015749552,0
http://www.aderotic.com/en/,27,0,13,0,13,191,1,com,0.20833333333333334,0
http://www.jovencitosgay.com,28,0,55,55,0,5745,1,com,0.2517123287671233,0
http://www.femalepumping.net,28,0,10,10,0,5540,1,net,0.26391423085637955,0
http://moestation.blog94.fc2.com/,33,0,15,0,15,1075,0,com,0.0,0
http://www.galinhas.com.br,26,0,7,7,0,1451,1,com.br,0.4017857142857143,0
http://www.pornextasy.com/e/nudist/index.htm,44,0,7,0,7,1597,1,com,0.09993842364532021,0
http://www.bustyseries.com/tieduptits/,38,0,101,101,0,3662,0,com,0.09537451984635076,0
http://www.evasonline.com.ar/,29,0,680,680,0,12165,1,com.ar,0.273125,0
http://tnasupermarket.com/30pluspussy/,38,0,0,0,0,1458,1,com,0.0,0
http://www.de-javu-dh.com/,26,0,20,0,20,1348,1,com,0.0,0
http://www.sex-marks.com/sex/g/index.htm,40,0,8,0,8,1634,1,com,0.050039283633033636,0
http://www.sensualhealingmassage.com/,37,0,9,8,1,1246,1,com,0.14833333333333332,0
http://www.sheer-pantyhose.com/,31,0,1,1,0,145,1,com,0.175,0
http://www.freeporncorner.com/hairy/mega-hairy-muff/,52,0,0,0,0,10199,1,com,0.053927044164270445,0
http://www.sextant.cz/,22,0,38,9,29,1785,1,cz,0.5,0
http://www.fetish-photo.net/,28,0,9,5,4,401,1,net,0.0,0
http://www.susanin.com/,23,0,9,0,9,2184,1,com,1.0,0
http://www.maxpages.com/striptotease/,37,0,9,9,0,1364,1,com,0.10277777777777779,0
http://www.hotel-heian.com/,27,0,0,0,0,259,1,com,0.0,0
http://zufzuluf.weblog.ro/,26,0,1,1,0,154,1,ro,0.0,0
http://www.7cv.com,18,0,1,0,1,124,1,com,0.0,0
http://www.livesexforfree.com/fistbitch/,40,0,0,0,0,162,0,com,0.5,0
http://3sss.webpark.cz/,23,0,5,5,0,750,1,cz,0.0,0
http://www.firstgayfuck.com/,28,0,2,0,2,843,1,com,0.5,0
http://www.worldsexguide.org/france.html,40,0,152,152,0,5317,1,org,0.3922521467603436,0
http://www.redlightrevenue.com/,31,0,24,24,0,1629,1,com,0.28898809523809527,0
http://www.mansclub.com/100bjs/,31,0,0,0,0,42,0,com,0.0,0
http://www.chicksites.com/attack/st1/,37,0,208,202,6,8219,1,com,0.05391995614035089,0
http://www.thebestofhairy.com/,30,0,69,69,0,9181,1,com,0.3170454545454545,0
http://six.com.au/massage/,26,0,0,0,0,133,0,com.au,0.0,0
http://www.beepworld.de/members74/steffiescort/,47,0,3,3,0,239,0,de,0.0,0
http://www.asianheats.com/gili_sky/,35,0,1,0,1,132,0,com,0.0,0
http://cammm00.free.fr/blog/,28,0,30,30,0,1811,1,fr,0.12566137566137567,0
http://www.thexxxarchive.com/a/angela/a.htm,43,0,10,0,10,1757,1,com,0.1623894557823129,0
http://sexbarge.com/msnhard/index.html,38,0,0,0,0,20,1,com,0.0,0
http://www.exoticelite.com/,27,0,0,0,0,0,1,com,0.0,0
http://www.cashworld.biz/,25,0,0,0,0,402,0,biz,0.07142857142857142,0
http://www.x-toys.nl/,21,0,2,0,2,6771,1,nl,0.33686266447368424,0
http://www.fullmetal.com,24,0,1,1,0,145,1,com,0.175,0
http://www.cherryboys.com/dusty/index.html,42,0,55,55,0,5781,1,com,0.24871111111111113,0
http://www.portugal-escort.com/,31,0,2,2,0,215,1,com,0.0,0
http://www.xtrasex.com/x/expo/index.htm,39,0,7,0,7,1576,1,com,0.09457908163265306,0
http://groups.yahoo.com/group/dshearts/,39,0,105,104,1,11640,1,com,0.16509625828174218,0
http://animal.mybdsm.com/,25,0,0,0,0,207,0,com,0.0,0
http://www.geocities.com/afterclassarchive/,43,0,103,102,1,11897,1,com,0.1663186385127875,0
http://www.clubs-libertin.com,29,0,690,690,0,28551,1,com,0.19833333333333333,0
http://groups.yahoo.com/group/lilypetalsandfallendewdrops/,58,0,103,102,1,11898,1,com,0.164556811501256,0
http://www.utopia-asia.com/tipsviet.htm,39,0,106,104,2,19440,1,com,0.21478941085795922,0
http://www.dreameronline.de/,28,0,0,0,0,42,0,de,0.0,0
http://www.vultureslair.com/chunkychix/,39,0,0,0,0,176,0,com,-0.5,0
http://www.pleasure-escort.nl/,30,0,23,23,0,22518,1,nl,0.13930555555555554,0
http://www.priape.com/,22,0,0,0,0,6,1,com,0.0,0
http://www.sexyscene.com/,25,0,0,0,0,352,1,com,0.2,0
http://www.largeknockers.com/,29,0,8,8,0,324,1,com,0.1375,0
http://www.boobsplus.com/bridgette-kerkove/fnp.html,51,0,0,0,0,10,1,com,0.0,0
http://analdreamhouse.com/premium/,34,0,107,99,8,11477,1,com,0.21558364013971493,0
http://www.pussycash.com/,25,0,9,9,0,4125,1,com,0.3265568181818182,0
http://www.wakeywakey.net,25,0,21,21,0,1334,1,net,0.1548051948051948,0
http://mysocalledsexlife.blogspot.com,37,0,9,1,8,1901,1,blogspot.com,0.17960829493087557,0
http://www.sex-marks.com/th/futp/a.htm,38,0,9,0,9,794,1,com,-0.013154269972451782,0
http://www.apassion4porn.com/,29,0,10,9,1,177,1,com,0.45,0
http://www.chicksdirect.com/gay-porn/ca1/index.htm,50,0,1,1,0,145,1,com,0.175,0
http://www.stringai.digitalzones.com,36,0,0,0,0,4,1,com,0.0,0
http://www.pavelphoto.com/,26,0,0,0,0,0,1,com,0.0,0
http://www.edenkc.com/,22,0,1,0,1,167,1,com,0.0,0
http://www.sexe.ro,18,0,1,1,0,163,1,ro,0.0,0
http://sockpuppets.livejournal.com/,35,0,1638,148,1490,152911,1,com,0.08863392594610463,0
http://www.squidge.org/~lianne/nikita/nikita.htm,48,0,0,0,0,853,1,org,-0.11892217630853995,0
http://www.sexherald.com/,25,0,0,0,0,162,0,com,0.5,0
http://www.anorexicsex.com/,27,0,326,325,1,10758,1,com,-0.03138422035480859,0
http://www.paingate.com/es/index.htm,36,0,0,0,0,188,0,com,0.0,0
http://www.pantieupskirt.com/x/cumshots/index.htm,49,0,6,0,6,1609,1,com,0.04437111801242236,0
http://www.lustperle.de/,24,0,2,0,2,788,1,de,0.0,0
http://www.hombredesnudo.com,28,0,5,0,5,2511,1,com,0.2625,0
http://www.boyssextoys.co.uk,28,0,0,0,0,10,1,co.uk,0.0,0
http://www.hot-girls-usa.com/lesbian/kissing/ce/index.html,58,0,0,0,0,3,0,com,0.0,0
http://www.hentai-foundry.com/,30,0,1,0,1,194,1,com,0.16666666666666666,0
http://www.lushstories.com/wife-lovers.aspx,43,0,23,23,0,609,0,com,0.3,0
http://www.theparadiseclub.net/,31,0,0,0,0,162,0,net,0.5,0
http://www.sensuousline.com/,28,0,4,1,3,10591,1,com,-0.04380187988281252,0
http://www.sex.nl,17,0,16,16,0,5041,1,nl,0.19375,0
http://www.thebestinfetish.com/free/dmfist/112802/,50,0,4,3,1,3321,1,com,0.2764705882352941,0
http://www.mamadasxxx.com,25,0,17,16,1,3730,1,com,0.1875,0
http://www.netlips.com/teentwins/,33,0,0,0,0,362,1,com,0.0,0
http://www.sexylive.com/1ebony/index.html,41,0,1,1,0,238,0,com,0.5,0
http://www.frugaldomme.com/frugal.htm,37,0,0,0,0,191,1,com,0.0,0
http://www.art-x.at/,20,0,245,244,1,7249,1,at,0.11806318681318681,0
http://www.unfaithfulsex.com/spanking/index.html,48,0,0,0,0,140,0,com,0.0,0
http://www.latinapussypics.com/hot-latin-girl/index.html,56,0,0,0,0,0,0,com,0.0,0
http://smothered.com/,21,0,13,13,0,2566,1,com,0.300103305785124,0
http://www.thebedroom.co.za,27,0,1,1,0,168,1,co.za,0.0,0
http://www.ithaisex.com/,24,0,1,1,0,208,1,com,0.0,0
http://www.foxybrawlers.com,27,0,0,0,0,162,0,com,0.5,0
http://www.analsex-xxx.net/anal_sex_xxx/anal_sex_xxx.htm,56,0,9,7,2,1642,0,net,0.14901515151515152,0
http://www.geocities.com/siliconvalley/ridge/1981/,50,0,105,104,1,11648,1,com,0.16509625828174218,0
http://www.cassandra-casal.de/,30,0,39,36,3,4002,1,de,0.003947368421052633,0
http://milosc.god.pl/bezpieczny.htm,35,0,1,0,1,99347,1,pl,-0.025,0
http://blog.livedoor.jp/akanehotaru/,36,0,669,51,618,37029,1,jp,1.0,0
http://www.mdelight.com/,24,0,0,0,0,363,1,com,0.0,0
http://www.gaysexcomics.com,27,0,59,59,0,2179,1,com,0.248837513061651,0
http://baseportal.de/cgi-bin/baseportal.pl?htx=/germanfoot/main,63,0,7,0,7,1934,1,de,-0.20833333333333331,0
http://www.sex-marks.com/ax/large/index.htm,43,0,8,0,8,1606,1,com,-0.07318422318422318,0
http://www.thehardcoresource.com,32,0,1,1,0,226,1,com,0.5,0
http://www.geocities.com/athens/4750/,37,0,105,104,1,11692,1,com,0.17108886805410872,0
http://www.freewebs.com/sister-ray/pyro/,40,0,0,0,0,257,0,com,-0.5,0
http://lauragoodwin.org/,24,0,0,0,0,79,0,org,0.0,0
http://www.galstown.ne.jp/5/kouchi/sweet/,41,0,0,0,0,38,0,ne.jp,0.0,0
http://bl.net/forwards/bedgolf.html,35,0,4,0,4,2535,1,net,0.13183020683020685,0
http://www.pornzite.com/bdsm_gold/,34,0,17,0,17,615,1,com,0.3059027777777778,0
http://members.tripod.com/~erotique/index.html,46,0,8,6,2,578,0,com,0.8125,0
http://www.just-free-sex.com/boss/index.html,44,0,1,1,0,145,1,com,0.175,0
http://www.x-adservice.com/,27,0,3,2,1,7298,1,com,0.0,0
http://tnasupermarket.com/alltypesofass/,40,0,0,0,0,1458,1,com,0.0,0
http://www.mansclub.com/chili/,30,0,0,0,0,42,0,com,0.0,0
http://www.angelina.cz/,23,0,48,48,0,4553,1,cz,0.0,0
http://www.darkconnections.com,30,0,1,0,1,825,1,com,0.09777777777777778,0
http://www.female-domination.info/purefemdom/,45,0,77,16,61,24907,1,info,0.24515153050259442,0
http://www.a24-7pornsite.com/truly_trannie/,43,0,16,0,16,1727,1,com,0.08134920634920634,0
http://www.fsk18.com/kunst/,27,0,0,0,0,162,0,com,0.5,0
http://www.xxxstoryboard.com/penthouseforum/penthouse-forum.html,64,0,0,0,0,43,0,com,0.0,0
http://necrobabes.org/lair/,27,0,0,0,0,103,1,org,0.5,0
http://www.ateliereisen.ch/,27,0,3,0,3,2781,1,ch,0.0,0
http://www.somethingawful.com/hentai/,37,0,18,18,0,5806,1,com,-0.08637423692843615,0
http://www.asstr.org/~lambchop/,31,0,0,0,0,45,0,org,0.0,0
http://www.muscleservice.com/,29,0,151,149,2,7949,1,com,0.22272887606220942,0
http://www.belage.jp/,21,0,0,0,0,309,1,jp,0.0,0
http://www.spanked-girls.com/,29,0,492,491,1,52307,1,com,0.10081912007410199,0
http://www.agence-elegance.ch/,30,0,61,60,1,8749,1,ch,0.20377622377622379,0
http://groovysex.com/sexy-lipstick-lesbians/,44,0,0,0,0,42,0,com,0.0,0
http://www.heavenlyone.com/,27,0,1,1,0,145,1,com,0.175,0
http://www.sex-katalog.info/,28,0,27,26,1,2934,1,info,0.2,0
http://www.showgirls.ca/,24,0,16,16,0,535,1,ca,0.0,0
http://www.mistresstamara.com/,30,0,0,0,0,99,1,com,-0.3,0
http://www.thirdfriday.org/,27,0,1,1,0,145,1,org,0.175,0
http://www.angelfire.com/ns/dlzimm/index.html,45,0,3,2,1,1003,1,com,0.1234375,0
http://www.pornbuss.com/upskirt/porn1/,38,0,5,5,0,1199,0,com,-5.551115123125783e-18,0
http://www.realgoodporn.com/sites/brabustingbabes/index.html,60,0,1,1,0,145,1,com,0.175,0
http://www.yatrou.com/,22,0,1,1,0,602,0,com,-0.125,0
http://www.tittyvista.com/sites/lockerroom/locker.html,54,0,1,1,0,2218,1,com,0.40404040404040403,0
http://www.nowtown-resort.com/,30,0,6,0,6,2166,0,com,0.22343749999999998,0
http://www.alicesoft.com/,25,0,107,103,4,8674,1,com,-0.11477272727272729,0
http://www.absolutevoyeurism.com/,33,0,89,89,0,8581,1,com,0.21623376623376622,0
http://www.privatevoyeur.com/chatframe.html,43,0,8,2,6,798,0,com,-0.0925,0
http://www.tighthotpussy.com/,29,0,3,3,0,3901,1,com,-0.0024884945151935184,0
http://divinetimes.com,22,0,1,0,1,126,0,com,0.0,0
http://www.pornzite.com/dmoz/nurses/nurse_sex/,46,0,3,0,3,377,1,com,0.14583333333333334,0
http://www.berlinbeinacht.de/,29,0,24,19,5,6836,1,de,0.3553030303030303,0
http://www.girlplaces.com/allison16/gpag1/,42,0,0,0,0,364,1,com,0.0,0
http://crazy-xxx-teens.com/avs/019xxx/_ugas/index.html,54,0,25,0,25,1251,0,com,0.19055023923444972,0
http://www.babyjunior.co.uk,27,0,190,190,0,5192,1,co.uk,0.3187738095238095,0
http://www.sex-marks.com/cs/asia/index.htm,42,0,9,0,9,1678,1,com,0.14408482142857146,0
http://www.worldsexguide.org/india.html,39,0,152,152,0,5358,1,org,0.38614890400604696,0
http://www.ermitage.co.jp/,26,0,0,0,0,0,0,co.jp,0.0,0
http://apolloguide.com/mov_revtemp.asp?cid=1691,47,0,8,0,8,1300,0,com,0.3,0
http://www.xtrasex.com/o/nikki/index.htm,40,0,6,0,6,1594,1,com,0.11343749999999998,0
http://www.mansclub.com/bikerpigs/,34,0,0,0,0,42,0,com,0.0,0
http://www.localgals.com/aerial/index.html,42,0,0,0,0,42,0,com,0.0,0
http://groups.yahoo.com/group/allvgfic/,39,0,105,104,1,11709,1,com,0.17383937833937835,0
http://swing-para.narod.ru/,27,0,4,0,4,298,1,ru,0.0,0
http://bloodylele.tripod.com,28,0,1,1,0,287,1,com,0.0,0
http://www.baycouples.com/,26,0,4,0,4,353,1,com,0.002777777777777777,0
http://www.findavagina.com/5asia/,33,0,0,0,0,46,1,com,0.0,0
http://www.sexystrapon.com/indexac.shtml,40,0,0,0,0,42,0,com,0.0,0
http://www.goldentouchmassage.co.uk/,36,0,0,0,0,10,1,co.uk,0.0,0
http://www.geocities.com/deusait/,33,0,105,104,1,11696,1,com,0.17218791214758958,0
http://www.terapatrick.com,26,0,74,74,0,2206,1,com,0.19784841105863835,0
http://www.janeburgess.com/,27,0,0,0,0,168,1,com,-0.25,0
http://stardustr.us/node,24,0,0,0,0,188,0,us,0.0,0
http://www.bijouworld.com/,26,0,0,0,0,93,1,com,0.30333333333333334,0
http://www.redlights.fi/,24,0,0,0,0,3459,1,fi,0.13484848484848488,0
http://twowomen.com/sex_toy_babe/,33,0,1,0,1,126,0,com,0.0,0
http://www.sexysensations.com/ppt/index.html,44,0,0,0,0,368,1,com,0.0,0
http://www.sexcomics.ws/,24,0,1,1,0,166,1,ws,0.0,0
http://www.xtrasex.com/x/tranny/index.htm,41,0,8,0,8,1738,1,com,0.04390909090909092,0
http://ninouetlui.canalblog.com/,32,0,200,12,188,6699,1,com,0.08523995535714286,0
http://www.lilywaring.co.uk/,28,0,0,0,0,10,1,co.uk,0.0,0
http://www.somethingsexyplanet.com/,35,0,3,3,0,10975,1,com,0.3516554433221099,0
http://www.ultimate-adult-sex-toys.com/,39,0,26,26,0,17958,1,com,0.1966466807108517,0
http://www.anzwers.net/hot/gangbang/,36,0,0,0,0,42,1,net,0.0,0
http://www.strike-the-root.com/columns/yates/yates1.html,56,0,219,197,22,41720,0,com,0.17480064795903064,0
http://www.imperiumx.pl,23,0,3,1,2,855,1,pl,0.2,0
http://www.alexandrasilk.com/,29,0,18,0,18,850,1,com,0.7,0
http://groups.yahoo.com/group/brattyprincess/,45,0,105,104,1,11648,1,com,0.16888353645147128,0
http://hgsart.blogspot.com,26,0,0,0,0,86,1,blogspot.com,0.0,0
http://www.onprobation.com/,27,0,0,0,0,10,1,com,0.0,0
http://www.angelass.com/,24,0,6,0,6,2974,1,com,0.19985987103174604,0
http://www.rateamateurs.com,27,0,0,0,0,183,0,com,0.0,0
http://www.lesbian-porno-pictures.com/lesbian_bondage_pictures/index.htm,72,0,0,0,0,44,0,com,0.0,0
http://groups.yahoo.com/group/chchsingles/,42,0,105,104,1,11653,1,com,0.17071714411878347,0
http://darkperfection.com/photographers/lee_higgs/,50,0,8,0,8,1057,1,com,0.15670093795093795,0
http://shibari.canalblog.com/,29,0,65,23,42,2908,0,com,0.4479166666666667,0
http://www.body-dream.de/,25,0,1,0,1,2315,1,de,0.7083333333333333,0
http://www.jojasa.com/overlap/,30,0,21,0,21,1725,1,com,0.14502688172043016,0
http://members.tripod.com/~emcho/eva.html,41,0,0,0,0,35799,1,com,0.0,0
http://www.roomantic.fr,23,0,27,27,0,2351,1,fr,0.4305555555555555,0
http://www.gay-vintage.com/pre/bb/index.html,44,0,1,1,0,145,1,com,0.175,0
http://www.chippendales.com/,28,0,40,34,6,4333,1,com,0.2568242694805195,0
http://www.fetish-bizarre.biz/teasing-and-denial-femdom/,56,0,420,287,133,164212,1,biz,0.3617893217893218,0
http://ffaforum.com/index.php,29,0,15,0,15,1015,1,com,0.0,0
http://www.erocasting.nl/,25,0,48,48,0,6322,1,nl,0.5,0
http://www.female-domination.info/domina/,41,0,49,11,38,3290,1,info,0.20704721634954193,0
http://adultonlines.com/adultpages/older/0405/index.html,56,0,0,0,0,76,0,com,0.0,0
http://www.kariwanz.com/,24,0,0,0,0,394,1,com,0.436875,0
http://6now.net/girlfriendshairypussy/,38,0,0,0,0,151,0,net,0.0,0
http://www.ladylotus.com/,25,0,6,0,6,1024,1,com,0.0,0
http://tnasupermarket.com/ug/fingerbanginboys/,46,0,0,0,0,1458,1,com,0.0,0
http://groups.yahoo.com/group/dominasofdistinction/,51,0,105,104,1,11637,1,com,0.16545468122081028,0
http://akiralane.com,20,0,48,37,11,10016,1,com,0.08936816077441077,0
http://members.aon.at/fotoeros/,31,0,292,292,0,8179,1,at,0.3189239332096475,0
http://nudesville.com/truckstop/,32,0,1,1,0,145,1,com,0.175,0
http://www.bisexuel-video.com/,30,0,0,0,0,42,0,com,0.0,0
http://www.sexy-parade.com/,27,0,0,0,0,3171,1,com,0.04814814814814815,0
http://www.rubberfashion.de,27,0,177,177,0,20353,1,de,0.2938937992244572,0
http://www.sex-hardcore-amateur.com/sha/index.htm,49,0,0,0,0,162,0,com,0.5,0
http://wifebarterclub.com,25,0,24,0,24,3592,1,com,0.2087894248608534,0
http://www.samshofbrau.com/,27,0,0,0,0,319,1,com,0.44727891156462585,0
http://www.bodywar.com/,23,0,0,0,0,57,1,com,0.0,0
http://www.siubhan.com/list.html,32,0,0,0,0,242,1,com,0.09333333333333334,0
http://www.nobeltoys.de,23,0,0,0,0,85,1,de,0.0,0
http://www.nylonfreaks.com/,27,0,9,7,2,21597,1,com,0.148687741779497,0
http://www.talent-club.com/,27,0,12,9,3,1001,1,com,0.2857142857142857,0
http://www.fem-dom.biz/lesbian-domination/,42,0,3,3,0,477,0,biz,0.45,0
http://www.a24-7pornsite.com/blonde-cheerleaders-rule/,54,0,8,0,8,1573,1,com,0.11170634920634923,0
http://fuseek.hypermart.net/webtv/erotica.html,46,0,0,0,0,40,0,net,0.0,0
http://www.girl-nude.com/fetish/dangerous_fetish_sex_in_action/index.shtml,74,0,0,0,0,10,1,com,0.0,0
http://www.nova-escort.de/,26,0,16,16,0,3511,1,de,0.10666666666666667,0
http://www.ravenswing.com/kimberlite/,37,0,0,0,0,48,1,com,0.0,0
http://www.rubberdocs.net,25,0,7,0,7,710,1,net,0.24970238095238093,0
http://www.hardsexemporium.com/free/io/100802/,46,0,0,0,0,46,0,com,0.0,0
http://www.nichewealth.com/,27,0,9,0,9,1732,1,com,0.3430103668261564,0
http://www.thevalkyrie.com/library.html,39,0,23,8,15,28165,1,com,0.1138231234522795,0
http://lesbians.dikepics.com/index.html,39,0,1,0,1,434,1,com,0.05000000000000001,0
http://www.kevscave.com/islandboysesteban02/,44,0,0,0,0,0,1,com,0.0,0
http://www.lesbianas.ca,23,0,0,0,0,128,1,ca,0.0,0
http://www.adultstarsmagazine.com,33,0,0,0,0,370,1,com,0.2,0
http://www.rookiepussy.com/drunkandhorny/,41,0,0,0,0,380,1,com,-0.15781250000000002,0
http://www.ribby.com/wifelover/wifepics/,40,0,1,1,0,420,0,com,0.4,0
http://www.footfetish-footfetish.com/ax/latina/index.htm,56,0,7,0,7,1600,1,com,-0.004924242424242422,0
http://classicpornstars.com/angela_summers/,43,0,1,0,1,76,1,com,0.0,0
http://www.lib.isex.ru/,23,0,1,1,0,249,0,ru,0.0,0
http://www.girl-nude.com/fetish/eastern_european_fetish_sex/index.shtml,71,0,0,0,0,10,1,com,0.0,0
http://www.fetish-kontakt.dk/,29,0,9,9,0,740,1,dk,0.0,0
http://www.geocities.com/southbeach/cove/3094/index.html,56,0,103,102,1,11902,1,com,0.16989912566525472,0
http://www.rhein-kontakte.de/,29,0,0,0,0,76,0,de,0.0,0
http://www.coolhardcore.com/patriotic_pussy/,44,0,1,1,0,145,1,com,0.175,0
http://www.tetones.com/prietas&amp;tetonas/index.htm,52,0,0,0,0,74,1,com,0.0,0
http://www.pucchigal.com,24,0,38,38,0,2121,1,com,0.8,0
http://thisbighush.blogspot.com/,32,0,76,21,55,17776,1,blogspot.com,0.13328626811373298,0
http://www.trample-footdom.com/autorank/index.php,49,0,0,0,0,38,0,com,0.0,0
http://www.pornnewsdaily.com/,29,0,4,3,1,6096,1,com,0.1815517815517815,0
http://www.fetishsex.hu/,24,0,0,0,0,73,1,hu,-0.16666666666666666,0
http://www.famy.com/,20,0,13,0,13,404,1,com,0.0,0
http://www.claws-and-paws.com/furry/,36,0,178,174,4,4972,1,com,-0.006560283687943262,0
http://www.eroluna.de/,22,0,44,44,0,7376,1,de,0.16076604554865423,0
http://www.blondeandhorny.com/,30,0,4,3,1,1000,1,com,0.10404761904761904,0
http://www.lustomic.com,23,0,18,17,1,6158,1,com,0.12074388000066456,0
http://www.rauzier.com/,23,0,0,0,0,245,1,com,0.0,0
http://www.clubvenus.com/,25,0,3,2,1,878,1,com,0.2366161616161616,0
http://www.geocities.com/shmetro_2000/,38,0,105,104,1,11647,1,com,0.16888353645147128,0
http://www.bishop.gr.jp/,24,0,3,0,3,834,1,gr.jp,0.0,0
http://www.citypromotions.co.uk/,32,0,150,147,3,16906,1,co.uk,0.29030223961730806,0
http://groups.yahoo.com/group/slash_update,42,0,105,104,1,11698,1,com,0.17383937833937835,0
http://www.partysandiego.com/,29,0,2,2,0,538,1,com,0.24000000000000005,0
http://www.xxltv.fr/,20,0,1,0,1,1375,1,fr,0.3371212121212122,0
http://www.horn-dog.com/analsex/index.htm,41,0,0,0,0,42,0,com,0.0,0
http://www.crosex.com/avs/n3/tmu/a.htm,38,0,23,0,23,1830,1,com,0.004861111111111108,0
http://www.porndorado.com/s/fat/,32,0,9,0,9,1658,1,com,-0.08355751391465678,0
http://floggers4u.freeservers.com/,34,0,27,0,27,1156,1,com,-0.008514492753623173,0
http://www.femdom-bizarre.com/toilet-slave/,43,0,0,0,0,259,1,com,0.0,0
http://www.forced-sissy.com/,28,0,29,1,28,1302,1,com,0.8,0
http://www.e-smile2525.com/,27,0,79,79,0,8861,1,com,0.2,0
http://www.daemona.nl,21,0,9,9,0,1593,1,nl,0.26875,0
http://real-femdom.com/male-chastity-belt-stories/,50,0,10,10,0,3946,0,com,0.12768959435626104,0
http://www.1-porno.org/,23,0,276,276,0,10198,1,org,0.1109851524879614,0
http://www.sexary.com/amateur-girl/index.html,45,0,0,0,0,42,0,com,0.0,0
http://www.prettytwinks.com/juan-solo-pictures/,47,0,0,0,0,10,1,com,0.0,0
http://www.light.gr.jp/,23,0,3,0,3,901,1,gr.jp,0.1,0
http://www.kelly-escort.ch/,27,0,0,0,0,42,0,ch,0.0,0
http://www.eroticanoir.com/,27,0,0,0,0,0,1,com,0.0,0
http://www.analdreamhouse.com/32/01/members/ltirjgn2.html,57,0,107,105,2,9959,1,com,0.2327932900432901,0
http://www.winternet.com/~redright/scatsite/,44,0,0,0,0,313,1,com,-0.3177083333333334,0
http://www.geocities.com/c_says/,32,0,103,102,1,11897,1,com,0.1670297898773835,0
http://www.trainwrek.com/,25,0,0,0,0,51,0,com,0.0,0
http://www.eroticphonesessions.com/,35,0,159,159,0,38031,1,com,0.18280547128316493,0
http://www.cheapandchic-london-escorts.com/,43,0,31,17,14,6389,1,com,0.3293967295725108,0
http://www.cumshot-paradise.com/,32,0,1,1,0,115,1,com,0.0,0
http://www.whisper.co.nz/,25,0,1,1,0,4809,1,co.nz,0.15064935064935064,0
http://www.123teens.com/free/firstlesbiankiss/091402/,53,0,0,0,0,350,1,com,0.2,0
http://www.geocities.com/libri_online/index.html,48,0,105,104,1,11652,1,com,0.17165515040515042,0
http://www.pornzite.com/fisting_grinders/,41,0,16,0,16,555,1,com,0.05000000000000001,0
http://www.goodforher.com/,26,0,16,16,0,9141,1,com,0.22222020626432396,0
http://www.punishmentbook.org,29,0,5,3,2,877,1,org,0.20909090909090908,0
http://www.teentower.com/avs/aliciasnudepics/,45,0,0,0,0,98,0,com,0.0,0
http://www.swingers.co.uk/,26,0,1,0,1,2921,1,co.uk,0.25193602693602696,0
http://www.dceagle.com/,23,0,0,0,0,79,0,com,0.0,0
http://www.mangaplexe.com,25,0,183,182,1,7050,1,com,0.22291666666666665,0
http://www.modernrare.com,25,0,30,28,2,107433,1,com,0.2029145167123725,0
http://sexxx-porn.com/babes/004/,32,0,0,0,0,88,0,com,0.0,0
http://www.naughtycelebrity.com/sites/kim-cattrall-nude/kim-cattrall-nude.htm,77,0,0,0,0,370,1,com,0.0,0
http://www.xxxnightdrive.com/,29,0,90,90,0,4062,1,com,0.1969696969696969,0
http://www.toybar-bangkok.com/,30,0,0,0,0,9,1,com,0.0,0
http://gaychina.com,19,0,0,0,0,124,0,com,0.0,0
http://www.leatherpage.com/,27,0,52,52,0,5466,1,com,0.23724747474747482,0
http://www.abecedasexu.cz/polohy/,33,0,89,89,0,6756,1,cz,0.4,0
http://www.slavefarm.com/,25,0,17,16,1,589,1,com,0.403125,0
http://www.ynot.com/,20,0,178,145,33,7250,1,com,0.160706664227791,0
http://www.sexy-mousepad.de/,28,0,4,4,0,24824,1,de,0.2729924242424242,0
http://www.amateur-contrib.com/,31,0,0,0,0,79,0,com,0.0,0
http://www.abelsoftware-jp.com/,31,0,20,1,19,10653,1,com,0.0,0
http://www.messyfun.com,23,0,13,0,13,1196,1,com,0.056701631701631706,0
http://www.swedishharmony.com,29,0,10,8,2,1844,1,com,0.07424812030075187,0
http://www.el-patio.be/,23,0,0,0,0,62,1,be,0.0,0
http://www.theaquarium.bizland.com/,35,0,1,0,1,504,1,com,0.150390625,0
http://www.kathyklyne.com,25,0,5,5,0,253,1,com,0.5,0
http://www.geocities.com/ftdude2001/,36,0,103,102,1,11902,1,com,0.16989912566525472,0
http://www.bigkugels.com/,25,0,0,0,0,118,1,com,0.0,0
http://porndiscovery.com/avs/045a/_cyber/index.html,51,0,1,0,1,584,1,com,0.12222222222222223,0
http://intimement.lea.over-blog.com/,36,0,5,0,5,400,1,com,0.5,0
http://www.x-freeporn.com/ac/site008/,37,0,0,0,0,103,1,com,0.5,0
http://elisetmoi.over-blog.com/,31,0,290,1,289,15209,1,com,0.5916666666666667,0
http://www.gayfantastic.com/free/buzzcut/,41,0,55,55,0,5771,1,com,0.27054824561403507,0
http://www.instantpictures.de/,30,0,1,0,1,2325,1,de,0.7083333333333333,0
http://sex-pics-for-adult.com/links/guy-jerking-off/index.html,62,0,1,1,0,145,1,com,0.175,0
http://www.postadult.com,24,0,0,0,0,56759,1,com,0.35416666666666663,0
http://www.red-mile.com/,24,0,30,30,0,4972,1,com,0.2651904176904177,0
http://www.adult.cz/,20,0,3,0,3,1012,1,cz,0.10833333333333332,0
http://groups.yahoo.com/group/behavior_spanking/,48,0,105,104,1,11643,1,com,0.16870237703118143,0
http://mysweetmistress.blogspot.com/,36,0,27,11,16,13785,1,blogspot.com,0.1652953838120459,0
http://www.shadesofbrown.com/,29,0,85,76,9,3124,1,com,0.4025537634408602,0
http://www.sex-leipzig.de/,26,0,0,0,0,179,0,de,-0.20833333333333334,0
http://www.teen-fuck-pics.com/index.html,40,0,1,0,1,874,1,com,-0.003623188405797098,0
http://www.anzwers.net/hot/coppiaverona/,40,0,0,0,0,42,1,net,0.0,0
http://www.iron-rose.com/,25,0,0,0,0,46,1,com,0.0,0
http://www.jeuxcouple.fr/,25,0,12,12,0,3408,1,fr,0.4665798611111111,0
http://www.victorygirls.com/asiantreasures/,43,0,55,55,0,5764,1,com,0.2668243243243243,0
http://upskirt.nakedcameras.com/upskirt-pics/index.html,55,0,1,0,1,366,1,com,0.085,0
http://www.gaystation.info/,27,0,93,93,0,8279,1,info,0.403637566137566,0
http://www.dailysexpix.com/x/m/m1/a/a.htm,41,0,1,1,0,237,1,com,0.0,0
http://www.between-legs.com/ll/girls-in-stockings/index.html,60,0,28,0,28,1404,1,com,0.3238888888888889,0
http://www.bigtits-xxx.com/free/xtrablacktits/,46,0,0,0,0,43,0,com,0.0,0
http://www.ebonyextreme.com/,28,0,0,0,0,128,1,com,0.0,0
http://www.libidomag.com/,25,0,137,136,1,27023,1,com,0.24262279387279378,0
http://elite-moscowgirls.com,28,0,82,82,0,8756,1,com,-0.5,0
http://www.aby.com/,19,0,0,0,0,243,1,com,0.2786458333333333,0
http://www.amateurbase.com/av/index.html,40,0,0,0,0,42,0,com,0.0,0
http://www.perecolom.com/,25,0,136,136,0,4631,1,com,0.11429672022892362,0
http://www.escorts.femaleuk.co.uk/,34,0,0,0,0,10,1,co.uk,0.0,0
http://www.geocities.com/eroticartwork/,39,0,105,104,1,11704,1,com,0.1747402792402792,0
http://excarpediem.canalblog.com/,33,0,65,23,42,2908,0,com,0.4479166666666667,0
http://www.ringsurf.com/netring?ring=erotichosering;action=list,63,0,4,4,0,588,0,com,-0.35999999999999993,0
